Casa;Attic;Desván / Golfes
Casa;Backyard;Patio trasero / Pati darrere
 Casa;Basement;Sótano / Soterrani
Casa;Driveway;Entrada coche / Entrada cotxes
Casa;Hallway;Pasillo / Passadís
Casa;Landing;Rellano / Replà
Casa;Pantry;Despensa / Despensa
Casa;Porch;Porche / Porxo
Casa;Roof;Tejado / Teulada
Casa;Utility room;Lavadero / Safareig
Naturalesa;Almond tree;Almendro / Ametller
Naturalesa;Cypress;Ciprés / Xiprer
Naturalesa;Fig tree;Higuera / Figuera
Naturalesa;Lemon Tree;Limonero / Llimoner
Naturalesa;Oak;Roble / Roure
Naturalesa;Olive tree;Olivo / Olivera
Naturalesa;Orange tree;Naranjo / Taronger
Naturalesa;Palm tree;Palmera / Palmera
Naturalesa;Pine;Pino / Pi
Naturalesa;Poplar;Álamo / Pollancre
Animals;Cat Kitten;Gato / Gatito / Gat / Gatet
Animals;Cow Calf;Vaca / Ternero / Vaca / Vedell
Animals;Dog Puppy;Perro / Cachorro / Gos / Gosset
Animals;Duck Duckling;Pato / Patito / Ànec / Ànec petit
Animals;Goat Kid;Cabra / Cabrito / Cabra / Cabrit
Animals;Hen Chick;Gallina / Pollito / Gallina / Pollet
Animals;Horse Foal;Haballo / Potro / Cavall / Poltre
Animals;Lion Cub;León / Cachorro / Lleó / Cadell
Animals;Pig Piglet;Cerdo / Lechón / Porc / Porquet
Animals;Sheep Lamb;Oveja / Cordero / Ovelha / Xai
Fruites;Avocado;Aguacate / Alvocat
Fruites;Blackberry;Mora / Mora
Fruites;Blueberry;Arándano / Nabiu
Fruites;Currant;Grosella / Grosella
Fruites;Dragon fruit;Fruta dragón / Pitahaya
Fruites;Mango;Mango / Mango
Fruites;Papaya;Papaya / Papaya
Fruites;Pomegranate;Granada / Magrana
Fruites;Raspberry;Frambuesa / Gerd
Fruites;Strawberry;Fresa / Maduixa
Expressions;Cut the crap;Déjate de tonterías / Fora conyàries
Expressions;Cut to the chase;Ir directo / Anar directe
Expressions;Get down to business;Ir por faena / Anar per feina
Expressions;Get to the point;Ve al grano / Ves al gra
Expressions;In a nutshell;En pocas palabras / En resum
Expressions;Let's stay on track;No nos desviemos / No ens desviem
Expressions;Stop beating around the bush;No des rodeos / No donis voltes
Expressions;Straight away;De inmediato / De seguida
Expressions;The bottom line;La conclusión es / La conclusió és
Expressions;To make a long story short;En resumen / Per no allargar
Relacions;Acquaintance;Conocido / Conegut
Relacions;Adultery;Adulterio / Adulteri
Relacions;Childbirth;Parto / Part
Relacions;Divorce;Divorcio / Divorci
Relacions;Engagement;Compromiso / Compromís
Relacions;Fling;Aventura / Aventura
Relacions;Honeymoon;Luna de miel / Lluna de mel
Relacions;Pregnancy;Embarazo / Embaràs
Relacions;Quarrel;Pelea / Baralla
Relacions;Wedding;Boda / Casament
Salut;Bandage;Venda / Venda
Salut;Cough syrup;Jarabe tos / Jarop tos
Salut;Eye drops;Colirio / Col·liri
Salut;Glucose meter;Glucómetro / Glucòmetre
Salut;Ointment;Pomada / Pomada
Salut;Patch;Tirita / Tirita
Salut;Pill;Pastilla / Píndola
Salut;Spray;Espray / Esprai
Salut;Syringe;Jeringuilla / Xeringa
Salut;Thermometer;Termómetro / Termòmetre
Pentinats;Bald;Calvo / Calb
Pentinats;Bob;Corte Bob / Tall Bob
Pentinats;Braid;Trenza / Trena
Pentinats;Bun;Moño / Moixó
Pentinats;Curly;Rizado / Arrissat
Pentinats;Dreadlocks;Rastas / Rastes
Pentinats;Pigtails;Coletas / Cues
Pentinats;Ponytail;Coleta única / Cua
Pentinats;Shoulder length;Media melena / Cabell espatlles
Pentinats;Wavy;Ondulado / Ondulat
Medi Ambient;Exhaust fumes;Humo escape / Fums escapament
Medi Ambient;Landfill;Vertedero / Abocador
Medi Ambient;Oil spill;Derrame petróleo / Vessament petroli
Medi Ambient;Plant trees;Plantar árboles / Plantar arbres
Medi Ambient;Pollution;Contaminación / Contaminació
Medi Ambient;Recycle;Reciclar / Reciclar
Medi Ambient;Reusable bag;Bolsa reutilizable / Bossa reutilitzable
Medi Ambient;Separate garbage;Separar basura / Separar escombraria
Medi Ambient;Solar panel;Panel solar / Panell solar
Medi Ambient;Wind turbine;Aerogenerador / Aerogenerador
Policia;Bullet;Bala / Bala
Policia;Bulletproof vest;Chaleco antibalas / Armilla antibales
Policia;Bullhorn;Megáfono / Megàfon
Policia;Gun;Pistola / Pistola
Policia;Handcuffs;Esposas / Esposes
Policia;Magnifying glass;Lupa / Lupa
Policia;Police car;Coche policía / Cotxe policia
Policia;Prison;Prisión / Presó
Policia;Walkie talkie;Walkie / Walkie
Policia;Warrant card;Placa policía / Placa policia
Preposicions;Above;Arriba / Per damunt
Preposicions;Across;Cruzando / A través de
Preposicions;Among;Entre (varios) / Entre
Preposicions;Around;Alrededor / Al voltant
Preposicions;Behind;Detrás / Darrere
Preposicions;Below;Abajo / Per sota
Preposicions;Between;Entre (dos) / Entre
Preposicions;Down;Hacia abajo / Cap avall
Preposicions;In front of;Delante / Davant de
Preposicions;Into;Hacia dentro / Cap a dins
Preposicions;Next to;Al lado / Al costat
Preposicions;Off;Fuera / Fora de
Preposicions;On;Encima (tocando) / Sobre
Preposicions;Opposite;Enfrente / Davant per davant
Preposicions;Out of;Fuera de / Fora de
Preposicions;Over;Por encima / Per sobre
Preposicions;Through;A través / A través
Preposicions;Towards;Hacia / Cap a
Preposicions;Under;Debajo / Sota
Preposicions;Up;Hacia arriba / Cap amunt
Insectes;Ant;Hormiga / Formiga
Insectes;Bee;Abeja / Abella
Insectes;Butterfly;Mariposa / Papallona
Insectes;Caterpillar;Oruga / Eruga
Insectes;Cockroach;Cucaracha / Cucaracha
Insectes;Dragonfly;Libélula / Espiadimonis
Insectes;Fly;Mosca / Mosca
Insectes;Grasshopper;Saltamontes / Saltamartí
Insectes;Ladybug;Mariquita / Marieta
Insectes;Mosquito;Mosquito / Mosquit
Mar;Cod;Bacalao / Bacallà
Mar;Crab;Cangrejo / Cranc
Mar;Lobster;Langosta / Llagosta
Mar;Mussels;Musclos / Musclos
Mar;Octopus;Pop / Pop
Mar;Oyster;Ostra / Ostra
Mar;Salmon;Salmón / Salmó
Mar;Shrimp;Gamba / Gamba
Mar;Squid;Calamar / Calamar
Mar;Tuna;Atún / Tonyina
Desastres;Avalanche;Alud / Allau
Desastres;Drought;Sequía / Sequera
Desastres;Earthquake;Terremoto / Terratrèmol
Desastres;Flood;Inundación / Inundació
Desastres;Hurricane;Huracán / Huracà
Desastres;Landslide;Desprendimiento / Despreniment
Desastres;Tornado;Tornado / Tornado
Desastres;Tsunami;Tsunami / Tsunami
Desastres;Volcanic eruption;Erupción / Erupció
Desastres;Wildfire;Incendio / Incendi
Cuina;Bake;Hornear / Forn
Cuina;Chop;Picar / Trinxar
Cuina;Grate;Rallar / Ratllar
Cuina;Peel;Pelar / Pelar
Cuina;Season;Sazonar / Salpebrar
Cuina;Simmer;Fuego lento / Fer xup-xup
Cuina;Slice;Rodajas / Rodanxes
Cuina;Squeeze;Exprimir / Exprèmer
Cuina;Squish;Aixafar / Aixafar
Cuina;Stir;Remover / Remenar
Adjectius;Barefoot;Descalç
Adjectius;Naked;Despullat
Adjectius;Homeless;Sense casa
Adjectius;Unemployed;Desempleat
Adjectius;Bald;calb
Sons Similars;Bear;Os          
Sons Similars;Beard;Barba
Sons Similars;Ear;Orella
Sons Similars;Fear;Por
Sons Similars;Hear;Oír
Sons Similars;Heard;Oído
Sons Similars;Heart;Cor 
Sons Similars;Pear;Pera
Verbs;Blush;Sonrojarse
Verbs;Frown;Fruncir el ceño
Verbs;Gasp;Jadear
Verbs;Groan;Gemir
Verbs;Nod;Asentir
Verbs;Shrug;Encogerse de hombros
Verbs;Sigh;Suspirar
Verbs;Sniff;Oler
Verbs;Wink;Guiñar
Verbs;Yawn;Badallar
Verbs per A;Abandon;abandonar
Verbs per A;Abbreviate;abreujar
Verbs per A;Abduct;segrestar
Verbs per A;Abet;encoratjar
Verbs per A;Abhor;detestar
Verbs per A;Abide;obeir
Verbs per A;Abolish;abolir
Verbs per A;Absorb;absorbir
Verbs per A;Abstract;abstracte
Verbs per A;Accelerate;accelerar
Verbs per A;Accentuate;accentuar
Verbs per A;Accept;acceptar
Verbs per A;Accommodate;acollir
Verbs per A;Accompany;acompanyar
Verbs per A;Accomplish;aconseguir
Verbs per A;Accord;acordar
Verbs per A;Account;compte
Verbs per A;Accumulate;acumular
Verbs per A;Accuse;acusar
Verbs per A;Achieve;aconseguir / assolir
Verbs per A;Acknowledge;reconèixer
Verbs per A;Acquire;adquirir
Verbs per A;Acquit;absoldre
Verbs per A;Activate;activar
Verbs per A;Adapt;adaptar
Verbs per A;Address;dirigir-se a / tractar (tema)
Verbs per A;Adhere;adherir
Verbs per A;Adjourn;ajornar
Verbs per A;Adjust;ajustar  
Verbs per A;Administer;administrar
Verbs per A;Admire;admirar
Verbs per A;Admit;admetre
Verbs per A;Admonish;amonestar
Verbs per A;Adopt;adoptar
Verbs per A;Adore;adorar
Verbs per A;Advance;avançar
Verbs per A;Advise;aconsellar
Verbs per A;Advocate;defensar
Verbs per A;Affect;afectar
Verbs per A;Affiliate;afiliar
Verbs per A;Affirm;afirmar
Verbs per A;Affix;afegir
Verbs per A;Afflict;afligir
Verbs per A;Afford;permetre’s (econòmicament)
Verbs per A;Aggravate;agreujar
Verbs per A;Aggregate;agregar
Verbs per A;Agonize;agonitzar
Verbs per A;Agree;estar d’acord
Verbs per A;Aid;ajudar
Verbs per A;Ail;patir
Verbs per A;Aim;apuntar / objectiu
Verbs per A;Air;airejar
Verbs per A;Alarm;alarmar
Verbs per A;Alert;alertar
Verbs per A;Alienate;alienar
Verbs per A;Align;alinear
Verbs per A;Allege;al·legar
Verbs per A;Alleviate;alleujar
Verbs per A;Allocate;assignar
Verbs per A;Allow;permetre
Verbs per A;Allude;al·ludir
Verbs per A;Ally;aliar-se
Verbs per A;Alter;alterar / modificar
Verbs per A;Alternate;alternar
Verbs per A;Amalgamate;amalgamar
Verbs per A;Amaze;sorprendre
Verbs per A;Amble;caminar
Verbs per A;Amend;esmenar
Verbs per A;Amplify;amplificar
Verbs per A;Amuse;divertir
Verbs per A;Analyze;analitzar
Verbs per A;Anchor;ancorar
Verbs per A;Anger;enfadar
Verbs per A;Angle;inclinar
Verbs per A;Animate;animar
Verbs per A;Announce;anunciar
Verbs per A;Annoy;molestar / fer enfadar
Verbs per A;Annul;anul·lar
Verbs per A;Anoint;ungir
Verbs per A;Answer;respondre / contestar
Verbs per A;Anticipate;anticipar
Verbs per A;Apologize;demanar perdó
Verbs per A;Appeal;apel·lar / agradar
Verbs per A;Appear;aparèixer/parecer
Verbs per A;Appease;apaivagar
Verbs per A;Applaud;aplaudir
Verbs per A;Apply;sol·licitar / aplicar
Verbs per A;Appoint;nomenar / designar
Verbs per A;Appraise;avaluar
Verbs per A;Appreciate;valorar / agrair
Verbs per A;Approach;acostar-se / enfocar
Verbs per A;Approve;aprovar
Verbs per A;Argue;discutir
Verbs per A;Arise;sorgir
Verbs per A;Arrange;organitzar
Verbs per A;Arrest;arrestar
Verbs per A;Arrive;arribar
Verbs per A;Articulate;articular
Verbs per A;Ask;demanar / preguntar
Verbs per A;Assemble;reunir / muntar
Verbs per A;Assert;afirmar
Verbs per A;Assess;avaluar
Verbs per A;Assign;assignar
Verbs per A;Assist;ajudar / assistir
Verbs per A;Associate;associar
Verbs per A;Assume;suposar
Verbs per A;Assure;assegurar
Verbs per A;Astonish;sorprendre
Verbs per A;Attach;adjuntar / enganxar
Verbs per A;Attack;atacar
Verbs per A;Attain;assolir
Verbs per A;Attempt;intentar
Verbs per A;Attend;assistir
Verbs per A;Attract;atreure
Verbs per A;Attribute;atribuir
Verbs per A;Authorize;autoritzar
Verbs per A;Avoid;evitar
Verbs per A;Awake;despertar
Verbs per A;Awaken;despertar-se
Verbs per A;Award;atorgar
Verbs per B;Babble;Balbucejar
Verbs per B;Back;Donar suport / Retrocedir
Verbs per B;Baffle;Desconcertar
Verbs per B;Baggage;Facturar (equipatge)
Verbs per B;Bait;Atreure / Posar esquer
Verbs per B;Bake;Cuinar al forn
Verbs per B;Balance;Equilibrar
Verbs per B;Ban;Prohibir
Verbs per B;Banish;Desterrar
Verbs per B;Bankrupt;Fer fallida
Verbs per B;Barb;Posar pues
Verbs per B;Bare;Nuar / Revelar
Verbs per B;Bargain;Negociar / Regatejar
Verbs per B;Bark;Lladrar
Verbs per B;Barrel;Anar a tota velocitat
Verbs per B;Barter;Intercanviar / Baratar
Verbs per B;Bash;Colpejar fort
Verbs per B;Bask;Gaudir / Prendre el sol
Verbs per B;Bathe;Banyar-se
Verbs per B;Batten;Reforçar
Verbs per B;Batter;Colpejar repetidament
Verbs per B;Battle;Lluitar
Verbs per B;Bawl;Plorar a crits
Verbs per B;Bay;Udolar
Verbs per B;Beam;Somriure radiantment / Emetre
Verbs per B;Beckon;Fer senyal
Verbs per B;Beef;Queixar-se / Reforçar
Verbs per B;Befriend;Fer-se amic
Verbs per B;Beg;Suplicar / Demanar
Verbs per B;Beguile;Enganyar / Seduir
Verbs per B;Behave;Comportar-se
Verbs per B;Belch;Rutllar
Verbs per B;Belie;Desmentir
Verbs per B;Believe;Creure
Verbs per B;Belittle;Menystenir
Verbs per B;Bellow;Bramar
Verbs per B;Belong;Pertànyer
Verbs per B;Bemoan;Lamentar
Verbs per B;Bemuse;Confondre
Verbs per B;Benefit;Beneficiar
Verbs per B;Bequeath;Llegar
Verbs per B;Berate;Escridassar
Verbs per B;Besiege;Assetjar
Verbs per B;Bestow;Atorgar
Verbs per B;Betray;Trair
Verbs per B;Bewilder;Atabalar
Verbs per B;Bewitch;Embruixar
Verbs per B;Bias;Influenciar
Verbs per B;Bide;Esperar (el moment)
Verbs per B;Bill;Facturar
Verbs per B;Billow;Onlejar / Inflar-se
Verbs per B;Bind (Reg);Enquadernar (ús específic)
Verbs per B;Blacken;Ennegrir
Verbs per B;Blame;Culpar
Verbs per B;Blanch;Blanquejar
Verbs per B;Blast;Explotar
Verbs per B;Blaze;Cremar amb flama
Verbs per B;Bleach;Decolorar
Verbs per B;Blend;Barrejar
Verbs per B;Bless;Beneir
Verbs per B;Blind;Cegar
Verbs per B;Blink;Parpellejar
Verbs per B;Block;Bloquejar
Verbs per B;Bloom;Florir
Verbs per B;Blossom;Florir / Prosperar
Verbs per B;Blot;Eixugar / Taca
Verbs per B;Blunder;Cometre un error
Verbs per B;Blunt;Esmussar
Verbs per B;Blur;Desdibuixar
Verbs per B;Blurt;Deixar anar (sense pensar)
Verbs per B;Blush;Enrojolar-se
Verbs per B;Board;Pujar a bord
Verbs per B;Boast;Presumir / Alardear
Verbs per B;Boil;Bullir
Verbs per B;Bolster;Reforçar
Verbs per B;Bolt;Sortir corrents
Verbs per B;Bomb;Bombardejar
Verbs per B;Book;Reservar
Verbs per B;Boost;Impulsar
Verbs per B;Border;Limitar amb
Verbs per B;Borrow;Demanar prestat
Verbs per B;Bother;Molestar
Verbs per B;Bounce;Botar / Rebotar
Verbs per B;Bow;Inclinar-se
Verbs per B;Box;Boxejar
Verbs per B;Brake;Frenar
Verbs per B;Branch;Ramificar-se
Verbs per B;Breathe;Respirar
Verbs per B;Brighten;Il·luminar / Alegrar
Verbs per B;Broaden;Ampliar
Verbs per B;Bruise;Fer-se un blau
Verbs per B;Brush;Cepillar
Verbs per B;Bubble;Borbollejar
Verbs per B;Buckle;Abrochar / Doblegar-se
Verbs per B;Bump;Topar / Donar un cop
Verbs per B;Burn;Cremar
Verbs per B;Bury;Enterrar
Verbs per B;Buzz;Zumzejar
Verbs per C;calculate;calcular
Verbs per C;call;trucar
Verbs per C;campaign;fer campanya
Verbs per C;cancel;cancel·lar
Verbs per C;capture;capturar
Verbs per C;care;cuidar
Verbs per C;carry;carregar
Verbs per C;carve;esculpir
Verbs per C;catch;atrapar
Verbs per C;categorize;classificar
Verbs per C;cater;proporcionar
Verbs per C;cause;causar
Verbs per C;cease;cessar
Verbs per C;celebrate;celebrar
Verbs per C;challenge;reptar
Verbs per C;change;canviar
Verbs per C;chant;entonar
Verbs per C;charge;carregar
Verbs per C;charm;encantar
Verbs per C;chase;perseguir
Verbs per C;chat;xerrar
Verbs per C;cheat;enganyar
Verbs per C;check;comprovar
Verbs per C;cheer;animar
Verbs per C;cherish;estimar
Verbs per C;chew;mastegar
Verbs per C;chip;trencar
Verbs per C;choke;ofegar-se
Verbs per C;choose;escollir
Verbs per C;cite;citar
Verbs per C;claim;reclamar
Verbs per C;clap;aplaudir
Verbs per C;clarify;clarificar
Verbs per C;classify;classificar
Verbs per C;clean;netejar
Verbs per C;clear;esborrar
Verbs per C;click;clicar
Verbs per C;climb;escalar/pujar
Verbs per C;cling;aferrar-se
Verbs per C;clip;retallar
Verbs per C;cloak;tapar/cobrir
Verbs per C;close;tancar
Verbs per C;clothe;vestir
Verbs per C;clutch;agafar fort
Verbs per C;coach;entrenar
Verbs per C;coexist;coexistir
Verbs per C;collaborate;col·laborar
Verbs per C;collapse;col·lapsar
Verbs per C;collect;cobrar/recollir
Verbs per C;collide;xocar
Verbs per C;colonize;colonitzar
Verbs per C;color;colorejar
Verbs per C;comb;pentinar
Verbs per C;combine;combinar
Verbs per C;comfort;consolar
Verbs per C;command;manar
Verbs per C;comment;comentar
Verbs per C;communicate;comunicar
Verbs per C;compare;comparar
Verbs per C;compete;competir
Verbs per C;complete;completar
Verbs per C;concentrate;enfocar
Verbs per C;connect;connectar
Verbs per C;consider;considerar
Verbs per C;control;controlar
Verbs per C;cook;cuinar
Verbs per C;cool;refredar
Verbs per C;copy;copiar
Verbs per C;correct;corregir
Verbs per C;cost;costar
Verbs per C;cough;tossir
Verbs per C;count;comptar
Verbs per C;cover;cobrir
Verbs per C;crash;colpejar
Verbs per C;create;crear
Verbs per C;criticize;criticar
Verbs per C;cross;creuar
Verbs per C;cut;tallar
Verbs per D;dance;ballar
Verbs per D;dare;atrevir-se
Verbs per D;dazzle;enlluernar
Verbs per D;deactivate;desactivar
Verbs per D;deal;repartir
Verbs per D;die;morir
Verbs per D;draw;dibuixar
Verbs per D;discover;descobrir
Verbs per D;discuss;discutir
Verbs per D;desire;desitjar
Verbs per D;determine;determinar
Verbs per D;disappoint;decebre
Verbs per D;discard;descartar
Verbs per D;disclaim;disculpar-se
Verbs per D;distract;distreure
Verbs per D;descend;descendre
Verbs per D;defend;defensar
Verbs per D;damage;danyar
Verbs per D;dominate;dominar
Verbs per D;digest;digerir
Verbs per D;decide;decidir
Verbs per D;disconnect;desconnectar
Verbs per D;decode;descodificar
Verbs per D;discharge;disparar
Verbs per D;declare;declarar
Verbs per D;design;dissenyar
Verbs per D;deform;deformar
Verbs per D;define;definir
Verbs per D;degrade;degradar
Verbs per D;drop;deixar
Verbs per D;drain;drenar
Verbs per D;devour;devorar
Verbs per D;demonstrate;demostrar
Verbs per D;dismantle;desfer
Verbs per D;disregard;desatendre
Verbs per D;disguise;disfressar-se
Verbs per D;divert;desviar
Verbs per D;direct;dirigir
Verbs per D;desperately want;desitjar molt
Verbs per D;dislodge;desallotjar
Verbs per D;dishonor;deshonrar
Verbs per D;delimit;delimitar
Verbs per D;disinfect;desinfectar
Verbs per D;derive;derivar
Verbs per D;debunk;desemmascarar
Verbs per D;destabilize;desequilibrar
Verbs per D;donate;donar
Verbs per D;dissolve;disoldre
Verbs per D;duplicate;duplicar
Verbs per D;domesticate;domesticar
Verbs per D;doze;dormir
Verbs per D;drool;desitjar ardentment
Verbs per E;eat;menjar
Verbs per E;eclipse;enfosquir
Verbs per E;edit;endreçar
Verbs per E;educate;ensenyar
Verbs per E;elevate;elevar
Verbs per E;eliminate;eliminar
Verbs per E;email;enviar
Verbs per E;embody;encarnar
Verbs per E;emerge;sortir
Verbs per E;emigrate;emigrar
Verbs per E;emit;emetre
Verbs per E;emphasize;enfocar
Verbs per E;encase;empaquetar
Verbs per E;enchant;embriagar
Verbs per E;encourage;empènyer
Verbs per E;enflame;encendre
Verbs per E;engulf;empassar
Verbs per E;enlighten;enlluernar
Verbs per E;enrich;enriquir
Verbs per E;enroll;escriure
Verbs per E;entangle;embolicar
Verbs per E;enter;entrar
Verbs per E;envy;envejar
Verbs per E;equalize;equilibrar
Verbs per E;erect;aixecar
Verbs per E;erode;esmicolar
Verbs per E;err;equivocar-se
Verbs per E;escalate;elevar-se
Verbs per E;escape;evitar
Verbs per E;evacuate;evacuar
Verbs per E;evade;enganyar
Verbs per E;exact;exigir
Verbs per E;exaggerate;exagerar
Verbs per E;excite;excitar
Verbs per E;exclaim;exclamar
Verbs per E;exclude;excloure
Verbs per E;exercise;exercir
Verbs per E;exhaust;esgotar
Verbs per E;exhume;exhumar
Verbs per E;exist;existir
Verbs per E;exit;sortir
Verbs per E;expand;ampliar
Verbs per E;expect;esperar
Verbs per E;experience;experimentar
Verbs per E;explain;explicar
Verbs per E;explode;esclatar
Verbs per E;explore;explorar
Verbs per E;export;enviar
Verbs per E;express;enviar
Verbs per E;extend;estendre
Verbs per E;extinguish;extingir
Verbs per F;fabricate;fer
Verbs per F;face;enfrontar-se
Verbs per F;fade;esvair
Verbs per F;fall;caure
Verbs per F;falter;tremolar
Verbs per F;fascinate;encantar
Verbs per F;fasten;encaixar
Verbs per F;fatten;alimentar
Verbs per F;feast;festejar
Verbs per F;feed;alimentar
Verbs per F;feel;sentir
Verbs per F;feign;simular
Verbs per F;fend;xocar
Verbs per F;ferment;fermentar
Verbs per F;fight;lluitar
Verbs per F;find;trobar
Verbs per F;finish;acabar
Verbs per F;fish;caçar
Verbs per F;fit;encaixar
Verbs per F;fix;enganxar
Verbs per F;flare;cremar
Verbs per F;flick;enganxar
Verbs per F;flip;fullejar
Verbs per F;flirt;festejar
Verbs per F;float;flotar
Verbs per F;flood;ploure a bots i barrals
Verbs per F;flop;fallar
Verbs per F;flow;brollar
Verbs per F;flower;florir
Verbs per F;fluctuate;fluctuar
Verbs per F;fly;volar
Verbs per F;foist;imposar
Verbs per F;fondle;acaronar
Verbs per F;fool;enganyar
Verbs per F;forage;caçar
Verbs per F;force;forçar
Verbs per F;forecast;preveure
Verbs per F;foresee;fer front
Verbs per F;forge;falsificar
Verbs per F;forget;oblidar
Verbs per F;forgive;perdonar
Verbs per F;form;formar
Verbs per F;format;formatar
Verbs per F;forsake;oblidar
Verbs per F;frame;formatar
Verbs per F;fray;fregar
Verbs per F;freeze;gelar
Verbs per F;friction;fregar
Verbs per F;frisk;escorcollar
Verbs per F;fume;fumar
Verbs per F;fund;finançar
Verbs per F;fuse;fondre
Verbs per G;gain;guanyar (obtenir)
Verbs per G;gallop;galopar
Verbs per G;gamble;jugar (apostar)
Verbs per G;gash;fer un tall profund
Verbs per G;gasp;esbufegar
Verbs per G;gasp;esbufegar
Verbs per G;gather;reunir
Verbs per G;gawk;mirar bocabadat
Verbs per G;gaze;contemplar
Verbs per G;gear;engranar
Verbs per G;gel;gelar / posar gel
Verbs per G;generalize;generalitzar
Verbs per G;generate;generar
Verbs per G;genuflect;agenollar-se
Verbs per G;get;aconseguir / obtenir
Verbs per G;giggle;riure nerviosament
Verbs per G;gild;daurar
Verbs per G;give;donar
Verbs per G;glance;mirar de reüll
Verbs per G;glare;mirar amb ràbia
Verbs per G;glaze;esmaltar / vitrificar
Verbs per G;glean;recollir (informació o restes)
Verbs per G;glide;lliscar suaument
Verbs per G;glimmer;brillar dèbilment
Verbs per G;glint;fer un reflex lluminós
Verbs per G;glisten;lluir (brillantor)
Verbs per G;glitter;brillar com purpurina
Verbs per G;gloat;regodejar-se
Verbs per G;globalize;globalitzar
Verbs per G;glorify;glorificar
Verbs per G;gloss;fer lluir / afegir notes
Verbs per G;glow;resplendir
Verbs per G;glue;enganxar amb cola
Verbs per G;gnaw;rosegar
Verbs per G;go;anar
Verbs per G;goad;incitar / esperonar
Verbs per G;gobble;engolir
Verbs per G;gossip;xafardejar
Verbs per G;gouge;esgarrapar / fer un forat
Verbs per G;gouge;arrencar amb força
Verbs per G;govern;governar
Verbs per G;grabble;grapejar
Verbs per G;graduate;graduar-se
Verbs per G;graft;empeltar
Verbs per G;grant;concedir
Verbs per G;grapple;enfrontar-se físicament
Verbs per G;grasp;agafar / entendre
Verbs per G;graze;pasturar / esgarrapar
Verbs per G;grease;engreixar
Verbs per G;greet;saludar
Verbs per G;grind;moldre / picar
Verbs per G;grip;agafar fortament
Verbs per G;gripe;queixar-se
Verbs per G;groan;gemegar
Verbs per G;grope;palpar / tantejar
Verbs per G;grow;créixer
Verbs per G;growl;bordar / grunyir
Verbs per G;grumble;rondinar
Verbs per G;grunt;grunyir
Verbs per G;guard;protegir / vigilar
Verbs per G;guess;endevinar
Verbs per G;guide;guiar
Verbs per G;gulp;empassar-se de cop
Verbs per G;gum;mastegar (xiclet)
Verbs per G;gurgle;borbollejar
Verbs per G;gush;brollar
Verbs per G;gust;bufar fort (vent)
Verbs per G;gut;destripar
Verbs per G;gyrate;girar ràpidament
Verbs per H;hack;piratejar / tallar a trossos
Verbs per H;hail;aclamar
Verbs per H;hallucinate;tenir al·lucinacions
Verbs per H;halve;partir per la meitat
Verbs per H;hammer;martellejar
Verbs per H;hamper;dificultar
Verbs per H;hand;passar amb la mà
Verbs per H;handcuff;emmanillar
Verbs per H;handle;manejar
Verbs per H;hang;penjar
Verbs per H;happen;succeir
Verbs per H;harass;assetjar
Verbs per H;harbor;donar refugi
Verbs per H;harden;endurir
Verbs per H;harm;fer mal
Verbs per H;harmonize;harmonitzar
Verbs per H;harness;aprofitar (una energia)
Verbs per H;harp;insistir (pesadament)
Verbs per H;harvest;collir
Verbs per H;hasten;accelerar
Verbs per H;hate;odiar
Verbs per H;haul;arrossegar
Verbs per H;haunt;rondar / turmentar
Verbs per H;have;tenir
Verbs per H;head;encapçalar
Verbs per H;heal;guarir
Verbs per H;heap;apilar
Verbs per H;hear;sentir (l’oïda)
Verbs per H;heat;escalfar
Verbs per H;heave;aixecar amb esforç
Verbs per H;hector;intimidar
Verbs per H;help;ajudar
Verbs per H;hesitate;dubtar
Verbs per H;hijack;segrestar
Verbs per H;hike;fer una excursió
Verbs per H;hinder;impedir
Verbs per H;hint;insinuar
Verbs per H;hiss;xiular (com una serp)
Verbs per H;hit;colpejar
Verbs per H;hitch;enganxar / fer autoestop
Verbs per H;hoist;hissar / aixecar
Verbs per H;hold;sostenir
Verbs per H;hole;foradar
Verbs per H;honor;respectar / homenatjar
Verbs per H;hop;saltar (lleugerament)
Verbs per H;hope;esperar (tenir esperança)
Verbs per H;hospitalize;hospitalitzar
Verbs per H;host;organitzar com a amfitrió
Verbs per H;hurl;llençar amb força
Verbs per H;hustle;moure’s ràpidament
Verbs per H;hybridize;combinar genèticament
Verbs per I;idealize;idealitzar
Verbs per I;identify;identificar
Verbs per I;idolize;idolatrar
Verbs per I;ignite;encendre
Verbs per I;ignore;ignorar
Verbs per I;illustrate;il·lustrar
Verbs per I;imagine;imaginar
Verbs per I;imbibe;beure (formal)
Verbs per I;imbue;impregnar
Verbs per I;imitate;imitar
Verbs per I;immerse;submergir
Verbs per I;immigrate;immigrar
Verbs per I;impact;impactar
Verbs per I;impair;perjudicar
Verbs per I;impart;transmetre (coneixement)
Verbs per I;impeach;imputar
Verbs per I;impede;impedir
Verbs per I;impel;impulsar
Verbs per I;impinge;interferir
Verbs per I;implant;implantar
Verbs per I;implement;implementar
Verbs per I;implicate;implicar
Verbs per I;imply;implicar / suggerir
Verbs per I;import;importar
Verbs per I;impose;imposar
Verbs per I;impoverish;empobrir
Verbs per I;impregnate;impregnar
Verbs per I;impress;impressionar
Verbs per I;imprint;deixar empremta
Verbs per I;imprison;empresonar
Verbs per I;improve;millorar
Verbs per I;improvise;improvisar
Verbs per I;impugn;impugnar
Verbs per I;inaugurate;inaugurar
Verbs per I;incapacitate;incapacitar
Verbs per I;incarcerate;empresonar
Verbs per I;incense;enfurismar
Verbs per I;incline;inclinar
Verbs per I;include;incloure
Verbs per I;incorporate;incorporar
Verbs per I;increase;augmentar
Verbs per I;incur;contreure (deute, càstig)
Verbs per I;indicate;indicar
Verbs per I;indict;acusar formalment
Verbs per I;individualize;individualitzar
Verbs per I;indoctrinate;adoctrinar
Verbs per I;induce;induir
Verbs per I;infect;infectar
Verbs per I;infer;deduir
Verbs per I;infiltrate;infiltrar
Verbs per I;inflame;inflamar
Verbs per I;inflate;inflar
Verbs per I;inflict;infligir
Verbs per I;influence;influenciar
Verbs per I;inform;informar
Verbs per I;infringe;vulnerar / infringir
Verbs per I;infuriate;enfurismar
Verbs per I;ingest;ingerir
Verbs per I;inhabit;habitar
Verbs per I;inherit;heretar
Verbs per I;inhibit;inhibir
Verbs per I;initiate;iniciar
Verbs per I;inject;injectar
Verbs per I;injure;lesionar
Verbs per I;innovate;innovar
Verbs per I;input;introduir dades
Verbs per I;inscribe;inscriure
Verbs per I;insert;inserir
Verbs per I;insist;insistir
Verbs per I;inspect;inspeccionar
Verbs per I;inspire;inspirar
Verbs per I;install;instal·lar
Verbs per I;instruct;instruir
Verbs per I;insure;assegurar
Verbs per I;integrate;integrar
Verbs per I;intend;tenir la intenció de
Verbs per J;jab;clavar
Verbs per J;jack;elevar amb un gat
Verbs per J;jack up;augmentar
Verbs per J;jackknife;doblegar-se
Verbs per J;jag;fer trencadís
Verbs per J;jail;empresonar
Verbs per J;jailbreak;escapar-se de la presó
Verbs per J;jam;encallar-se
Verbs per J;jam in;encabir
Verbs per J;jam out;improvisar música
Verbs per J;jam together;tocar junts
Verbs per J;jam up;bloquejar
Verbs per J;jam up;embussar
Verbs per J;jamb;tancar entre muntants
Verbs per J;jampack;omplir del tot
Verbs per J;jam-pack;omplir del tot
Verbs per J;jangle;fer soroll metàl·lic
Verbs per J;jangle;fer xerricar
Verbs per J;japan;lacar
Verbs per J;jargon;usar argot
Verbs per J;jargonize;usar argot
Verbs per J;javelin;llançar javelina
Verbs per J;jaw;parlar
Verbs per J;jawbone;parlar persistentment
Verbs per J;jazz;improvisar
Verbs per J;jazz around;perdre el temps
Verbs per J;jazz around with;jugar amb
Verbs per J;jazz up;animar
Verbs per J;jeer;burxar
Verbs per J;jell;quallar
Verbs per J;jeopard;posar en risc
Verbs per J;jeopardize;posar en perill
Verbs per J;jeremiad;lamentacions
Verbs per J;jerk;sacsejar
Verbs per J;jerk around;fer perdre el temps
Verbs per J;jerk off;masturbar-se (vulg.)
Verbs per J;jerry-build;construir malament
Verbs per J;jersey;teixir un jersei
Verbs per J;jest;fer broma
Verbs per J;jet;sortir amb força
Verbs per J;jettison;llançar per la borda
Verbs per J;jib;refusar obeir
Verbs per J;jibe;coincidir
Verbs per J;jig;ballar un jig
Verbs per J;jiggle;sacsejar suaument
Verbs per J;jigsaw;retallar (peces q encaxin)
Verbs per J;jilt;deixar plantat
Verbs per J;jingle;fer repicar
Verbs per J;jink;esquivar ràpidament
Verbs per J;jinx;gafar
Verbs per J;jitter;estar nerviós
Verbs per J;jitter away;malbaratar per nervis
Verbs per J;jitterbug;ballar jitterbug
Verbs per J;jive;ballar jive
Verbs per J;jockey;manipular
Verbs per J;jog;fer footing
Verbs per J;jog along;anar fent
Verbs per J;jog someone's memory;refrescar la memòria
Verbs per J;joggle;tremolar
Verbs per J;join;unir-se
Verbs per J;joke;fer broma
Verbs per J;joke around;fer bromes
Verbs per J;jolt;sacsejar fort
Verbs per J;jostle;empènyer amb el colze
Verbs per J;jostle for;competir per
Verbs per J;journal;portar un diari
Verbs per J;journey;viatjar
Verbs per J;journey through;recórrer
Verbs per J;joust;lluitar a cavall
Verbs per J;jubilate;alegrar-se molt
Verbs per J;judge;jutjar
Verbs per J;juggle;fer malabars
Verbs per J;juggle with;malabarejar
Verbs per J;juke;fer una finta
Verbs per J;juke around;esquivar-se mútuament
Verbs per J;jumble;barrejar
Verbs per J;jumble up;confondre
Verbs per J;jump;saltar
Verbs per J;jump at;acceptar ràpid
Verbs per J;jump in;intervenir
Verbs per J;jump off;saltar avall
Verbs per J;jump on;criticar fort
Verbs per J;jump over;saltar per sobre
Verbs per J;jump the gun;avançar-se
Verbs per J;jump to conclusions;saltar a conclusions
Verbs per J;jump up;aixecar-se de cop
Verbs per J;jump-start;arrencar ràpid
Verbs per J;junk;llençar
Verbs per J;junket;fer un viatge pagat
Verbs per J;just do it;simplement fes-ho
Verbs per J;just make it;arribar a temps
Verbs per J;justify;justificar
Verbs per J;jut;sortir cap enfora
Verbs per J;jut out;sortir cap enfora
Verbs per K;kayak;anar en caiac
Verbs per K;keel;inclinar-se
Verbs per K;keep;mantenir
Verbs per K;keep away;allunyar-se
Verbs per K;keep back;retenir
Verbs per K;keep off;evitar
Verbs per K;keep on;continuar
Verbs per K;keep out;no entrar
Verbs per K;keep to;adhirir-se
Verbs per K;keep up;mantenir el ritme
Verbs per K;keep up with;seguir el ritme
Verbs per K;key;introduir clau
Verbs per K;kick;donar una puntada
Verbs per K;kick back;relaxar-se
Verbs per K;kick in;contribuir
Verbs per K;kick off;començar
Verbs per K;kick out;fer fora
Verbs per K;kick up;provocar
Verbs per K;kid;bromejar
Verbs per K;kidnap;segrestar
Verbs per K;kill;matar
Verbs per K;kindle;encendre
Verbs per K;kiss;fer un petó
Verbs per K;kit;equipar
Verbs per K;kite;volar estel
Verbs per K;knead;amassar
Verbs per K;kneel;agenollar-se
Verbs per K;knit;fer mitja
Verbs per K;knock;trucar
Verbs per K;knock down;enderrocar
Verbs per K;knock out;deixar inconscient
Verbs per K;know;saber/conèixer
Verbs per K;knuckle;donar cops amb els artells
Verbs per K;knuckle down;posar-se seriosament
Verbs per K;knuckle under;cedir
Verbs per K;kowtow;fer reverència
Salut;allergy;al·lèrgia
Salut;antibiotic;antibiòtic
Salut;appointment;cita mèdica
Salut;blood pressure;pressió/blood pressure
Salut;blood test;analítica
Salut;breathing;respiració
Salut;calm;calmar
Salut;care;cuidar
Salut;check;controlar
Salut;check-up;consulta mèdica
Salut;clinic;clínica
Salut;cold;refredat
Salut;comfort;consolar
Salut;consult;consultar
Salut;contaminate;contagiar
Salut;cure;curar
Salut;diagnosis;diagnòstic
Salut;dietitian;dietista
Salut;disability;incapacitat
Salut;dizziness;mareig
Salut;doctor;metge
Salut;emergency;urgències
Salut;fatigue;fatiga
Salut;fever;febre
Salut;flu;grip
Salut;general practitioner;metge de capçalera
Salut;headache;mal de cap
Salut;healthcare;assistència sanitària
Salut;hospital;hospital
Salut;hospitalization;hospitalització
Salut;hypertension;tensió arterial
Salut;illness;malaltia
Salut;infection;infecció
Salut;medicine;medicina
Salut;mental health;salut mental
Salut;nurse;infermera
Salut;nutrition;nutrició
Salut;pain;dolor
Salut;painkiller;analgèsic
Salut;patient;pacient
Salut;prescription;recepta mèdica
Salut;psychologist;psicòleg
Salut;sprain;esquinç
Salut;surgeon;cirurgià
Salut;surgery;cirurgia
Salut;symptom;símptoma
Salut;therapy;teràpia
Salut;treatment;tractament
Salut;vaccine;vacuna
Salut;ventilator;respirador
Salut;well-being;benestar
Salut;wound;ferida
Temps;Sleet;Aiguaneu
Temps;Avalanche;Allau
Temps;Anemometer;Anemòmetre
Temps;Rainbow;Arc de Sant Martí
Temps;Sunny;Assolellat
Temps;Atmosphere;Atmosfera
Temps;Barometer;Baròmetre
Temps;Fog;Boira
Temps;Smog;Boirina contaminada
Temps;Bright;Brillant
Temps;Breeze;Brisa
Temps;Blast;Bufada
Temps;Hail;Calamarsa
Temps;Mist;Calitja
Temps;Haze;Calitja
Temps;Heat;Calor
Temps;Hot;Calorós
Temps;Icicle;Caramell
Temps;Celsius;Celsius
Temps;Cyclone;Cicló
Temps;Clear;Clar
Temps;Moonlight;Clar de lluna
Temps;Climate;Clima
Temps;Frozen;Congelat
Temps;Sunburn;Cremada solar
Temps;Overcast;Ennuvolat
Temps;Warmth;Escalfament
Temps;Landslide;Esllavissada
Temps;Fahrenheit;Fahrenheit
Temps;Snowflake;Floc de neu
Temps;Cold;Fred
Temps;Chill;Fredor
Temps;Cool;Fresc
Temps;Front;Front (atmosfèric)
Temps;Smoke;Fum
Temps;Hoarfrost;Gebre
Temps;Ice;Gel
Temps;Black ice;Gel invisible
Temps;Freezing;Gelat
Temps;Frost;Glaçada
Temps;Chilly;Glaçador
Temps;Icy;Glaçat
Temps;Damp;Humit
Temps;Humidity;Humitat
Temps;Moisture;Humitat
Temps;Hurricane;Huracà
Temps;Flood;Inundació
Temps;Lightning;Llampec
Temps;Sunshine;Llum de sol
Temps;Weather map;Mapa meteorològic
Temps;Meteorologist;Meteoròleg
Temps;Meteorology;Meteorologia
Temps;Partly cloudy;Mig ennuvolat
Temps;Wet;Moll
Temps;Whiteout;Nebulosa de neu
Temps;Snow;Neu
Temps;Snowfall;Nevada
Temps;Cloud;Núvol
Temps;Heatwave;Ona de calor
Temps;Weather vane;Penell
Temps;Drizzle;Plugim
Temps;Rain;Pluja
Temps;Rain gauge;Pluviòmetre
Temps;Sunset;Posta del sol
Temps;Forecast;Predicció
Temps;Pressure;Pressió
Temps;Dew point;Punt de rosada
Temps;Gust;Ràfega
Temps;Lightning bolt;Raig
Temps;UV rays;Raigs UV
Temps;Whirlwind;Remolí
Temps;Dew;Rosada
Temps;Shower;Ruixat
Temps;Dry;Sec
Temps;Wind chill;Sensació tèrmica
Temps;Drought;Sequera
Temps;Sun;Sol
Temps;Sunrise;Sortida del sol
Temps;Mild;Suau
Temps;Warm;Tèbi
Temps;Temperature;Temperatura
Temps;Storm;Tempesta
Temps;Snowstorm;Tempesta de neu
Temps;Dust storm;Tempesta de pols
Temps;Thunderstorm;Tempesta elèctrica
Temps;Stormy;Tempestuós
Temps;Weather;Temps
Temps;Thermometer;Termòmetre
Temps;Typhoon;Tifó
Temps;Blizzard;Torb
Temps;Tornado;Tornado
Temps;Scorching;Tòrrid
Temps;Thunder;Tro
Temps;Wind;Vent
Temps;Gale;Vent fort
Temps;Windy;Ventós
Temps;Blustery;Ventós i variable
Temps;Visibility;Visibilitat
Temps;Downpour;Xàfec fort
Temps;Sweltering;Xafogós
Viatge;Accommodation;Allotjament
Viatge;Airport;Aeroport
Viatge;Baggage;Equipatge
Viatge;Boarding Pass;Targeta d'embarcament
Viatge;Check-in;Facturació
Viatge;Delay;Retard
Viatge;Excess baggage;Excés d’equipatge
Viatge;Excursion;Excursió
Viatge;Flight;Vol
Viatge;Guidebook;Guia
Viatge;Hotel;Hotel
Viatge;Passengers;Passatgers
Viatge;Passport;Passaport
Viatge;Reception;Recepció
Viatge;Reservations;Reserves
Viatge;Return;Tornada
Viatge;Route;Ruta
Viatge;Security check;Control de seguretat
Viatge;Souvenir;Souvenir
Viatge;Stop;Parada
Viatge;Suitcase;Maleta
Viatge;Ticket;Bitllet
Viatge;Tour Guide;Guia turística
Viatge;Tourist;Turista
Viatge;Trip;Viatge
Viatge;Vacation;Vacances
Viatge;Visa;Visat
Video Wolf;Abolish;Abolir
Video Wolf;Barely;Apenas
Video Wolf;Backwards;Hacia atras
Video Wolf;Backed up;Retrocedio
Video Wolf;Bared;Mostro dientes
Video Wolf;Beneath;Debajo de
Video Wolf;Blazing;Ardiendo
Video Wolf;Blade;Filo
Video Wolf;Blushed;Se sonrojo
Video Wolf;Bond;Vinculo
Video Wolf;Bothering;Molestando
Video Wolf;Bouquet;Ramo
Video Wolf;Bowed;Se inclino
Video Wolf;Bravest;El mas valiente
Video Wolf;Bruises;Moratones
Video Wolf;Bumped;Choco
Video Wolf;Carved;Tallo
Video Wolf;Cheers;Vitores
Video Wolf;Clashing;Chocando
Video Wolf;Claws;Garras
Video Wolf;Clutched;Agarro
Video Wolf;Clutching;Sujetando
Video Wolf;Collapsed;Se desplomo
Video Wolf;Contestants;Concursantes
Video Wolf;Crumpled;Se desmorono
Video Wolf;Dagger;Daga
Video Wolf;Deaf;Sordo
Video Wolf;Deny;Negar
Video Wolf;Dodged;Esquivo
Video Wolf;Dropped;Solto
Video Wolf;Dumbest;El mas tonto
Video Wolf;Flutter;Aleteo
Video Wolf;Gestured;Hizo un gesto
Video Wolf;Glared;Miro con odio
Video Wolf;Glowed;Brillo
Video Wolf;Giving up;Rindiendose
Video Wolf;Groaned;Gimio
Video Wolf;Growled;Gruno
Video Wolf;Gulped;Trago saliva
Video Wolf;Hatred;Odio
Video Wolf;Hissed;Siseo
Video Wolf;Howled;Aullo
Video Wolf;Jerk;Imbecil
Video Wolf;Kneed;Dio un rodillazo
Video Wolf;Knuckles;Nudillos
Video Wolf;Laps;Vueltas
Video Wolf;Leash;Correa
Video Wolf;Lowered;Agacho
Video Wolf;Lunged;Se lanzo
Video Wolf;Mouthed;Gesticulo
Video Wolf;Pinned;Inmovilizo
Video Wolf;Pounced;Se abalanzo
Video Wolf;Prey;Presa
Video Wolf;Proper;Adecuado
Video Wolf;Punch;Punetazo
Video Wolf;Punched;Golpeo
Video Wolf;Purring;Ronroneando
Video Wolf;Pushed;Empujo
Video Wolf;Rage;Rabia
Video Wolf;Rolled;Giro ojos
Video Wolf;Rolled up;Se arremango
Video Wolf;Scattered;Se dispersaron
Video Wolf;Scrambled;Se movio torpemente
Video Wolf;Shattered;Se hizo anicos
Video Wolf;Shift;Transformacion
Video Wolf;Shifted;Se transformo
Video Wolf;Slammed;Golpeo fuerte
Video Wolf;Slid;Se deslizo
Video Wolf;Smirked;Sonrio con suficiencia
Video Wolf;Snapped;Perdio los nervios
Video Wolf;Snarled;Gruno (dientes)
Video Wolf;Sobbed;Sollozo
Video Wolf;Spat;Escupio
Video Wolf;Spread;Difundio
Video Wolf;Squeezed;Apreto
Video Wolf;Stabbed;Apunalo
Video Wolf;Stalking;Acechando
Video Wolf;Stirred;Agito
Video Wolf;Strength;Fuerza
Video Wolf;Stubborn;Terco
Video Wolf;Stumbled;Tropezo
Video Wolf;Surge;Oleada
Video Wolf;Tackled;Derribo
Video Wolf;Thick;Cargado
Video Wolf;Thoughtful;Detallista
Video Wolf;Tripped;Hizo tropezar
Video Wolf;Wince;Mueca de dolor
Video Wolf;Worm;Gusano
Video Wolf;Wound;Herida
Video Wolf;Yanked;Dio un tiron brusco
Anàlisi de Dades;Analyse;Analitzar
Anàlisi de Dades;Assessment;Avaluació
Anàlisi de Dades;Assign;Assignar
Anàlisi de Dades;Awareness;Consciència
Anàlisi de Dades;Bar Chart;Gràfic de barres
Anàlisi de Dades;Clarification;Aclariment
Anàlisi de Dades;Coincide;Coincidir
Anàlisi de Dades;Come To Light;Sortir a la llum
Anàlisi de Dades;Come Up With;Ocórrer-se alguna cosa
Anàlisi de Dades;Comment On;Comentar sobre
Anàlisi de Dades;Comparable;Comparable
Anàlisi de Dades;Component;Component
Anàlisi de Dades;Concerned With;Relacionat amb
Anàlisi de Dades;Conduct;Dur a terme
Anàlisi de Dades;Consistently;Consistentment / Constantment
Anàlisi de Dades;Constantly;Constantment
Anàlisi de Dades;Controversy;Controvèrsia
Anàlisi de Dades;Correspond To;Correspondre a
Anàlisi de Dades;Criteria;Criteris
Anàlisi de Dades;Curve;Corba
Anàlisi de Dades;Decline To;Negar-se a / Disminuir
Anàlisi de Dades;Demonstrate;Demostrar
Anàlisi de Dades;Determine;Determinar
Anàlisi de Dades;Deviation;Desviació
Anàlisi de Dades;Display;Mostrar
Anàlisi de Dades;Disproportionate;Desproporcionat
Anàlisi de Dades;Draw a conclusion;Treure una conclusió
Anàlisi de Dades;Eligible;Apte / Elegible
Anàlisi de Dades;Encounter;Trobar / Topar
Anàlisi de Dades;Error;Error
Anàlisi de Dades;Essay;Assaig
Anàlisi de Dades;Examine;Examinar
Anàlisi de Dades;Exceptionally;Excepcionalment
Anàlisi de Dades;Exclude;Excloure
Anàlisi de Dades;Feedback;Retroacció
Anàlisi de Dades;Findings;Troballes / Resultats
Anàlisi de Dades;Fixed;Fix
Anàlisi de Dades;Fluctuate;Fluctuar
Anàlisi de Dades;Formulate;Formular
Anàlisi de Dades;Fundamental;Fonamental
Anàlisi de Dades;Gather;Recollir / Recopilar
Anàlisi de Dades;Grade;Nota / Qualificació
Anàlisi de Dades;Highlight;Destacar
Anàlisi de Dades;Hypothesis;Hipòtesi
Anàlisi de Dades;Illustration;Il·lustració
Anàlisi de Dades;Index;índex
Anàlisi de Dades;Indication;Indicació
Anàlisi de Dades;Interpretation;Interpretació
Anàlisi de Dades;Investigate;Investigar
Anàlisi de Dades;Learning;Aprenentatge
Anàlisi de Dades;Lecture;Conferència / Classe
Anàlisi de Dades;Magnitude;Magnitud
Anàlisi de Dades;Majority;Majoria
Anàlisi de Dades;Manual;Manual
Anàlisi de Dades;Minority;Minoria
Anàlisi de Dades;Notable;Notable
Anàlisi de Dades;Note;Nota
Anàlisi de Dades;Noticeable;Perceptible
Anàlisi de Dades;Objective;Objectiu
Anàlisi de Dades;Overcome;Superar
Anàlisi de Dades;Presentation;Presentació
Anàlisi de Dades;Proportion;Proporció
Anàlisi de Dades;Questionnaire;Qüestionari
Anàlisi de Dades;Quote;Citar
Anàlisi de Dades;Rank;Classificar
Anàlisi de Dades;Rate;Taxa / Ritme
Anàlisi de Dades;Ratio;Proporció / Ra
Anàlisi de Dades;Relevance;Rellevància
Anàlisi de Dades;Research;Recerca / Investigació
Anàlisi de Dades;Review;Revisar
Anàlisi de Dades;Sample;Mostra
Anàlisi de Dades;Scope;àmbit / Abast
Anàlisi de Dades;Statistics;Estadístiques
Anàlisi de Dades;Survey;Enquesta
Anàlisi de Dades;Task;Tasca
Anàlisi de Dades;Tendency;Tendència
Anàlisi de Dades;Textbook;Llibre de text
Anàlisi de Dades;Thesis;Tesi
Anàlisi de Dades;Undergo;Experimentar / Patir
Universitat;Academic;Acadèmic
Universitat;Argue;Discutir / Argumentar
Universitat;Assignment;Tasca / Treball
Universitat;Attendance;Assistència
Universitat;Bachelor;Batxiller
Universitat;Be Brainy;Ser intel·ligent
Universitat;Bookshelf;Prestatgeria
Universitat;Brainstorm;Pluja d'idees
Universitat;Break;Esbarjo / Descans
Universitat;Break Up;Acabar les classes
Universitat;Certificate;Certificat
Universitat;Cheat;Copiar / Fer trampa
Universitat;Chemistry;Química
Universitat;Coach;Entrenador
Universitat;College;Universitat / Facultat
Universitat;Compulsory;Obligatori
Universitat;Computer Science;Informàtica
Universitat;Concentrate;Concentrar-se
Universitat;Curriculum;Pla d'estudis
Universitat;Deadline;Termini / Data límit
Universitat;Dean;Degà
Universitat;Degree;Títol / Grau
Universitat;Distance Learning;Educació a distància
Universitat;Dormitory;Residència / Dormitori
Universitat;Dropout;Abandonament escolar
Universitat;Educate;Educar
Universitat;Elementary School;Escola primària
Universitat;Enroll;Matricular-se
Universitat;Field Of Study;Camp d'estudi
Universitat;Find Out;Esbrinar
Universitat;Form Master;Tutor
Universitat;High School;Institut
Universitat;Higher Education;Educació superior
Universitat;Humanities;Humanitats
Universitat;Institute;Institut
Universitat;Law School;Facultat de Dret
Universitat;Learning Disorder;Trastorn d'aprenentatge
Universitat;Liberal Arts;Lletres / Arts liberals
Universitat;Library;Biblioteca
Universitat;Master'S Degree;Títol de Màster
Universitat;Mixed;Mixt / Coeducació
Universitat;Nursery School;Escola bressol / Llar d'infants
Universitat;Pass Exam;Aprovar un examen
Universitat;Phd;Doctorat
Universitat;Postgraduate;Postgraduat
Universitat;Primary School;Escola primària
Universitat;Private Lesson;Classe particular
Universitat;Recitation;Recitació
Universitat;Rector;Rector
Universitat;Report Card;Butlletí de qualificacions
Universitat;Scholarship;Beca
Universitat;School Year;Any escolar
Universitat;Secondary School;Escola secundària
Universitat;Seminar;Seminari
Universitat;Skip Classes;Fer campana / Faltar a classe
Universitat;Student Loan;Préstec estudiantil
Universitat;Take A Course;Fer un curs
Universitat;Teach Yourself Book;Llibre autodidacta
Universitat;Topic;Tema
Universitat;Tutorials;Tutories
Universitat;University;Universitat
Universitat;Whiteboard;Pissarra
Universitat;Work Related;Relacionat amb la feina
Connectors;Under No Circumstances;Sota cap circumstància
Connectors;Otherwise;D'una altra manera / Si no
Connectors;As Can Be Expected;Com es pot esperar
Connectors;For The Most Part;En la seva major part
Connectors;In Most Cases;En la majoria de casos
Connectors;To Put It More Simply;Dit de manera senzilla
Connectors;Conversely;Per contra / Al contrari
Connectors;However Much;Per molt que
Connectors;Nevertheles;No obstant així
Connectors;That Said;Dit així
Connectors;Apart From;A part de
Connectors;As Noted;Com s'ha assenyalat
Connectors;Elsewhere;En un altre lloc
Connectors;Fewer Than;Menys de
Connectors;Perhaps;Potser
Connectors;Possibly;Possiblement
Connectors;Slightly;Lleugerament
Connectors;Just Think About It;Noms pensa-hi
Connectors;If You Ask Me;Si em preguntes
Connectors;What Is More;A mes a mes
Connectors;Above All;Sobretot
Connectors;As Well As;Així com
Connectors;In Conclusion;En conclusió
Connectors;In Brief;En resum / Breument
Connectors;Overall;En general
Connectors;In This Case;En aquest cas
Connectors;As A Consequence;Com a conseqüència
Connectors;Thus;Així / Per tant
Connectors;Hence;Per tant
Connectors;For This Reason;Per aquesta raó
Connectors;Obviously;Òbviament
Connectors;Surely;Segurament
Connectors;After All;Després de tot
Connectors;On The Whole;En conjunt
Connectors;In Particular;En particular
Connectors;Rather;Mes aviat
Connectors;Alternatively;Alternativament
Connectors;On The Contrary;Al contrari
Connectors;Even Though;Encara que
Connectors;On Top Of That;A sobre d'això
Connectors;All In All;En definitiva
Connectors;In Spite Of;Tot i / A pesar de
Connectors;Due To The Fact That;A causa del fet que
Connectors;Whilst;Mentre que / Malgrat que
Connectors;Whether;Si / Tant si
Connectors;The Reality Is;La realitat s
Connectors;Quite Frankly;Francament
Connectors;I Reckon;Crec / Considero
Connectors;To My Mind;Al meu parer
Connectors;Apparently;Aparentment
Connectors;In Contrast;En contrast
Connectors;In Line With;En línia amb
Connectors;To Some Extent;Fins a cert punt
Connectors;With A Focus On;Centrant-se en
Connectors;With The Exception Of;Amb l'excepció de
Connectors;To A Certain Extent;Fins a un cert punt
Connectors;Undoubtedly;Sens dubte
Connectors;Whereas;Mentre que
Connectors;With Regard To;Pel que fa a
Connectors;With Respect To;Respecte a
Connectors;Furthermore;A mes
Connectors;To Conclude;Per concloure
Connectors;Moreover;A mes a mes
Connectors;In The Same Way;De la mateixa manera
Connectors;Not Only But Also;No noms sinó també
Connectors;Likewise;Així mateix
Connectors;Correspondingly;Corresponentment
Connectors;As Far As I Am Concerned;Pel que a mi respecta
Connectors;With Reference To;Amb referència a
Connectors;To Summarise;Per resumir
Connectors;Anyway;De totes maneres
Connectors;As A Rule;Per norma / Com a regla
Connectors;As Can Be Seen;Com es pot veure
Connectors;And So On;I així successivament
Llar;Dishwasher;Rentavaixelles
Llar;Ground Floor;Planta baixa
Llar;Leak;Gotera / Fuga
Llar;Pillowslip;Funda de coix
Llar;Attic;Àtic / Golfes
Llar;Bedclothes;Roba de llit
Llar;Chandelier;Aranya / Candi labre
Llar;Coat Rack;Penjador
Llar;Coffee Maker;Cafetera
Llar;Coffee Table;Taula baixa
Llar;Dining Room;Menjador
Llar;Doorbell;Timbre
Llar;Doormat;Repel / Estora de porta
Llar;Electric Cooker;Cuina elèctrica
Llar;Fence;Tanca
Llar;Fireplace;Xemeneia / Llar de foc
Llar;Garbage Can;Cubell d'escombraries
Llar;Gas Cooker;Cuina de gas
Llar;Light Bulb;Bombeta
Llar;Living Room;Sala d'estar
Llar;Plug;Endoll
Llar;Morsel;Boc / Mos
Llar;Delicious;Deliciós
Ciutat;Fire Station;Parc de bombers
Ciutat;Pavement;Vorera
Ciutat;Traffic Jam;Embotellament / Atzucac
Ciutat;Dump;Abocador
Ciutat;Avenue;Avinguda
Ciutat;Cemetery;Cementiri
Ciutat;Motel;Motel
Ciutat;Bystreet;Carrer
Ciutat;Intersection;Cruïlla / Intersecció
Ciutat;Lane;Carril
Ciutat;Turnpike;Peatge
Ciutat;Art Gallery;Galeria d'art
Ciutat;Business District;Districte de negocis / Centre financer
Ciutat;City Hall;Ajuntament
Ciutat;City Map;Mapa de la ciutat
Ciutat;Boarding Pass;targeta d'embarcament
Ciutat;Customs;duana
Ciutat;Full Board;pensi completa
Ciutat;Receipt;rebut
Ciutat;Checkout;caixa
Ciutat;Snap Up;comprar ràpid / esgotar
Ciutat;Bargain Hunting;ca a de gangues
Ciutat;Shopping Spree;compres compulsives
Roba;Mittens;Midons
Roba;Fur Coat;Abric de pell
Roba;Nightdress;Camis
Roba;Sleeve;Màniga
Roba;Swimming Trunks;Banyador
Roba;Underwear;Roba interior
Roba;Backpack;Motxilla
Roba;Hoodie;Suadora amb caputxa
Roba;Outerwear;Roba d'abric
Roba;Shoelaces;Cordons
Roba;Casual Wear;Roba informal
Roba;Come Off;Treure's
Roba;Dress Up;Arreglar-se / Vestir-se elegant
Roba;Earrings;Arracades
Roba;Get Dressed;Vestir-se
Roba;Lace Up;Lligar-se els cordons
Roba;Necklace;Collar
Roba;Put On;Posar-se
Roba;Ornate;Ornat / Ornamentat
Salut;Dizziness;Mareig
Salut;Fracture;Fractura
Salut;Prescription;Recepta mèdica
Salut;Sore Throat;Mal de coll
Salut;Sprain;Esquin
Salut;Sunstroke;Insolació
Salut;Syringe;Xeringa
Salut;Trauma;Trauma
Salut;Vaccination;Vacuna
Salut;X-Ray;Raigs X
Salut;Ointment;Ungint
Salut;Powder;Pols
Salut;Surgeon;Cirurgià
Salut;Filling;Empastament
Salut;Examine;Examinar
Salut;Alcoholism;Alcoholisme
Salut;Epidemic;Epidèmia
Salut;Runny Nose;Moqueig
Salut;Pneumonia;Pneumònia
Salut;Short-Sighted;Miop
Salut;Far-Sighted;Hipermetrop
Salut;Squint-Eyed;Bierol / Estràbic
Salut;Heart Attack;Infart
Salut;Hepatitis;Hepatitis
Salut;Seasickness;Mareig (al vaixell)
Salut;Faint;Desmai
Salut;Vomiting;Vòmits
Salut;Labour;Part
Salut;Abortion;Avortament
Salut;Breathe In;Inspirar
Salut;Breathe Out;Expirar
Salut;Disabled Person;Persona amb discapacitat
Salut;Illness;malaltia
Salut;Injury;lesió
Salut;Itchy;que pica / picor
Salut;Medical Check-Up;reconeixement mèdic
Salut;Painkiller;analgèsic
Salut;Rash;erupció
Salut;Swelling;inflor
Salut;Bruise;blau / morat
Salut;First Aid;primers auxilis
Menjar;Sugar Bowl;Sucrell / Sucrer
Menjar;Tablecloth;Estovalles
Menjar;Bistro;Bistre
Menjar;Vegetarian;Vegetarià
Menjar;Spill;Vessar
Menjar;Be On A Diet;Estar a dieta
Menjar;Wine List;Carta de vins
Menjar;Book A Table;Reservar taula
Menjar;Pay The Bill;Pagar el compte
Menjar;Main Course;Plat principal
Menjar;Ice Cube;Cubeta de gel
Menjar;Mouth Watering;Fa venir aigua a la boca
Menjar;Greek Salad;Ensalada grega
Menjar;Ginger;Gingebre
Menjar;Herring;Areny
Menjar;Trout;Truita
Menjar;Turkey;Gall dindi
Menjar;Olive;Oliva
Menjar;Lettuce;Enciam
Menjar;Caviar;Caviar
Menjar;Beetroot;Remolatxa
Menjar;Aubergine;Albergínia
Menjar;Turnip;Nabre / Nap
Menjar;Greens;Verdura
Menjar;Raisin;Passa
Menjar;Cinnamon;Canella
Menjar;Sesame;Sèsam
Menjar;Radish;rave
Menjar;Veal;vedella
Menjar;Apricot;albercoc
Menjar;Cod;bacallà
Menjar;Eel;anguila
Menjar;Mussel;clòtxina / musclo
Menjar;Mutton;carn de carner / ovella
Menjar;Prawn;llagost / gamba
Menjar;Corkscrew; / tirabuixó / saca-corxos
Menjar;Grater;ratllador
Menjar;Kettle;bullidor / tetera
Menjar;Ladle;cullerot
Menjar;Skimmer;escumadora
Menjar;Whisk;batre
Menjar;Knead;pastar
Menjar;Parsley;julivert
Menjar;Pumpkin;carbassa
Menjar;Zucchini;carbassa
Caracter;Compelling;Convincent
Caracter;Consistent;Coherent
Caracter;Cultured;Culte
Caracter;Docile;Dòcil
Caracter;Eloquent;Eloqüent
Caracter;Fearful;Poruc / Espantadís
Caracter;Frank;Franc
Caracter;Jealous;Gelós
Caracter;Modest;Modest
Caracter;Outstanding;Excepcional
Caracter;Reasonable;Raonable
Caracter;Respectful;Respectius
Caracter;Sleepyhead;Dormilega
Caracter;Sloven;Desaliat / Deixat
Caracter;Sluggish;  Mandrós
Caracter;Sly;Astut
Caracter;Stingy;Tacaany
Caracter;Temper;Caràcter / Temperament
Caracter;Trait;Tret
Caracter;Carefree;Despreocupat
Caracter;Thrifty;Estalviador
Caracter;Hilarious;Divertidíssim
Caracter;Attentive;Atent
Caracter;Hostile;Hostil
Caracter;Arrogant;Arrogant
Sentiments;Disgusted;Disgustat / Fàstic
Sentiments;Wonderful;Meravellós
Sentiments;Euphoria;Eufòria
Sentiments;Amazing;Increïble
Sentiments;Intimacy;Intimitat
Sentiments;Relaxing;Relaxant
Sentiments;Attractive;Atractiu
Sentiments;Envious;Envejós
Sentiments;Disappointed;Decebut
Sentiments;Hopeless;Desesperançat
Sentiments;Indifferent;Indiferent
Sentiments;Uneasy;Inquiet
Sentiments;Worthless;Sense valor
Sentiments;Tempted;Temptat
Sentiments;Scared;Espantat
Sentiments;Thirsty;Assedegat
Sentiments;Exhausted;Esgotat
Sentiments;Frightened;Atemorit / Espantat
Sentiments;Dissatisfied;Insatisfet
Sentiments;Amazed;astorat / al·lucinant
Sentiments;Annoyed;molest / emprenyat
Sentiments;Anxious;ansis
Sentiments;Ashamed;avergonyit
Sentiments;Astonished;astorat / sorprès
Sentiments;Bewildered;desconcertat
Sentiments;Bitter;amarg / ressentit
Sentiments;Delighted;encantat
Sentiments;Eager;delids / entusiasmat
Sentiments;Fed Up;fart
Sentiments;Gloomy;melancòlic / tètric
Sentiments;Heartbroken;desconsolat / cor trencat
Sentiments;Homesick;enyorança
Sentiments;Overwhelmed;aclaparat
Sentiments;Puzzled;estranyat / confús
Sentiments;Thrilled;emocionat
Sentiments;Weary;fatigat / cansat
Sentiments;Greedy;codicis
Treball;Lunch Time;Hora de dinar
Treball;Managing Director;Director general
Treball;Occupation;Ocupació
Treball;Pay Rise;Augment de sou
Treball;Perk;Benefici / Extra
Treball;Professional;Professional
Treball;Retirement;Jubilació
Treball;Selection;Selecció
Treball;Self-Employed;Autònom
Treball;Fill Out;Omplir / Replena
Treball;Volunteer;Voluntari
Treball;Well-Paid;Ben pagat
Treball;Work Experience;Experiència laboral
Treball;Working Hours;Horari laboral
Treball;Workload;Càrrega de treball
Treball;Workplace;Lloc de treball
Treball;Challenge;Repte / Desafiament
Treball;Human Resources;Recursos Humans
Treball;Work Abroad;Treballar a l'estranger
Treball;Team Building;Treball en equip
Treball;Payroll;Nòmina
Treball;Job Satisfaction;Satisfacció laboral
Treball;Unemployed;Aturat / Desocupat
Treball;Blue-Collar;Obrer / Treballador manual
Treball;Be Bombarded With;Estar bombardejat amb
Treball;Accountant;comptable
Treball;Bricklayer;paleta
Treball;Butcher;carnisser
Treball;Cashier;caixer
Treball;Dressmaker;modista
Treball;Fishmonger;peixater
Treball;Headmaster;director d'escola
Treball;Lifeguard;socorrista
Treball;Plumber;fontaner / llauner
Treball;Porter;porter / mossos
Treball;Carpenter;fuster
Treball;Electrician;electricista
Medi Ambient;Wildlife;Vida salvatge
Medi Ambient;Renewable;Renovable
Medi Ambient;Pollutant;Contaminant
Medi Ambient;Overpopulation;Sobrepoblaci
Medi Ambient;Organic;Orgànic
Medi Ambient;Layer;Capa
Medi Ambient;Global Warming;Escalfament global
Medi Ambient;Greenhouse;Hivernacle
Medi Ambient;Environmentalist;Ecologista
Medi Ambient;Emission;Emissió
Medi Ambient;Disposable;D'un sol ús
Medi Ambient;Biodegradable;Biodegradable
Medi Ambient;Carbon Footprint;Petjada de carboni
Medi Ambient;Acid Rain;Pluja àcida
Medi Ambient;Toxic Waste;Residus tòxics
Medi Ambient;Ozone;Oz
Medi Ambient;Pesticide;Pesticida
Medi Ambient;Ecosystem;Ecosistema
Medi Ambient;Deforestation;Desforestació
Medi Ambient;Drought;sequera
Medi Ambient;Flood;inundació
Medi Ambient;Frost;gelada / escarxa
Medi Ambient;Mist;boirina
Medi Ambient;Dew;rosada / ros
Medi Ambient;Hail;calamarsa / pedra
Cos;Cuticle;Cutícula
Cos;Fatigue;Fatiga
Cos;Pancreas;Pàncrees
Cos;Ring Finger;Dit anular
Cos;Chin;ment / barbeta
Cos;Eyelid;parpella
Cos;Forearm;avantbraç
Cos;Forehead;front
Cos;Heel;tal
Cos;Jaw;mandíbula
Cos;Joint;articulació
Cos;Little Finger;dit menovell / dit xic
Cos;Liver;fetge
Cos;Kidney;ronyó
Cos;Nostril;forat del nas
Cos;Skull;crani
Cos;Thumb;polze
Cos;Blood Vessel;vas sanguini
Cos;Waist;cintura
Cos;Buttocks;nalgues / cul
Cos;Spine;columna vertebral
Cos;Biceps;bíceps
Cos;Breast;pit / seny
Cos;Vein;vena
Cos;Artery;artèria
Cos;Flank;costat
Cos;Skeleton;esquelet
Cos;Bronchus;bronqui
Cos;Cheekbone;pòmul / os de la galta
Cos;Trachea;tràquea
Expressions;Come Up;Proposar
Expressions;Be Beat;Estar esgotat
Expressions;Hang Out;Passar l'estona
Expressions;Chill Out;Relaxar-se
Expressions;Be Amped;Estar entusiasmat
Esports;Hang-Gliding;ala delta
Esports;Hiking;senderisme
Esports;Scuba Diving;submarinisme
Esports;Weightlifting;halterofília
Esports;Rowing;rem
Esports;Wrestling;lluita lliure
Relacions;Acquaintance;conegut / coneguda
Relacions;Toddler;nen que comença a caminar
Relacions;Widow;vídua
Relacions;Guardiã N;tutor / guardi
